Category,Value
Beauty,0.10267232517985747
Baby,-0.2160777849098199
Grocery,-0.0013561466785243226
Toys & Kids,0.029870840014826067
Sports,-0.03316028798495965
Handmade,0.03418124280559262
Lighting,-0.16473616820041967
Auto,0.07204393561442779
Kitchen,-0.14329677515159076
Industrial,-0.2738536507667725
Healthcare,-0.18105782852417365
Appliances,-0.25618590256431384
Fashion,-0.6711569535542063
Electronics,-0.03154753331627333
Amazon Devices,0.20524920808895422
Computers,-0.31882515338189665
